Account,Betweenness Centrality
jvpboston,0.00099930831798929
harvardoop,0.0008782629484063472
harvardundergradpsc,0.0008616214807444472
hiddenpalestine,0.0008288398200766104
harvardgs4p,0.0007446358131488489
healthcareworkersforpalestine,0.0006542429113310099
nationalsjp,0.000650293526753187
pal_legal,0.00047211226022986035
mitg4p,0.000469467586315669
m1t_caa,0.0004037723995348257
