Account,Closeness Centrality
harvardundergradpsc,0.005793836002253159
palestinianyouthmovement,0.0057210437457165305
harvardoop,0.00566215791129286
harvardgs4p,0.005190311418685121
lsfpnational,0.005060923313518469
bu_sjp,0.004873481709314081
bdsboston,0.004791056694170881
jvpboston,0.004791056694170881
harvj4p,0.004700659398054449
mondoweiss,0.004699428791124292
