Account,In-Degree Centrality
harvardundergradpsc,0.005574778931180316
harvardoop,0.005382545174932718
palestinianyouthmovement,0.005382545174932718
harvardgs4p,0.00461361014994233
lsfpnational,0.004229142637447136
bdsboston,0.0038446751249519417
jvpboston,0.0038446751249519417
bu_sjp,0.0038446751249519417
harvj4p,0.0036524413687043446
harvafro,0.0036524413687043446
