Account,Out-Degree Centrality
jvpboston,0.18915801614763553
hiddenpalestine,0.15359477124183007
nationalsjp,0.1312956555171088
healthcareworkersforpalestine,0.12091503267973856
mitg4p,0.10053825451749328
harvardundergradpsc,0.09496347558631296
m1t_caa,0.09169550173010381
pal_legal,0.08362168396770474
harvj4p,0.08016147635524798
harvardoop,0.07112648981161092
