Account,PageRank
harvardundergradpsc,0.0002716356361497537
harvardoop,0.00026908267949150513
harvardgs4p,0.00025880138128586916
palestinianyouthmovement,0.000248420265608038
harvj4p,0.00024686586485367346
lsfpnational,0.00023053782790408413
harvafro,0.00022374104870806299
right2edu,0.00022267251876975189
bostonpsl,0.00021951919212373147
nouraerakat,0.00021782509166334553
